species	description	db	scheme_id	n_loci	clonal_complex	loci
achromobacter	Achromobacter spp.	pubmlst_achromobacter_seqdef	1	7	yes	nusA,rpoB,eno,gltB,lepA,nuoL,nrdA
abaumannii	Acinetobacter baumannii	pubmlst_abaumannii_seqdef	1	7	yes	Oxf_gltA,Oxf_gyrB,Oxf_gdhB,Oxf_recA,Oxf_cpn60,Oxf_gpi,Oxf_rpoD
actinobacillus	Actinobacillus spp.	pubmlst_actinobacillus_seqdef	1	7	no	adk,atpG,deoD,mdh,pgi,recA,zwf
aeromonas	Aeromonas spp.	pubmlst_aeromonas_seqdef	1	6	no	gyrB,groL,gltA,metG,ppsA,recA
aactinomycetemcomitans	Aggregatibacter actinomycetemcomitans	pubmlst_aactinomycetemcomitans_seqdef	1	7	yes	adk,atpG,frdB,mdh,pgi,recA,zwf
aphagocytophilum	Anaplasma phagocytophilum	pubmlst_aphagocytophilum_seqdef	1	7	yes	pheS,glyA,fumC,mdh,sucA,dnaN,atpA
arcobacter	Arcobacter spp.	pubmlst_arcobacter_seqdef	1	7	yes	aspA,atpA,glnA,gltA,glyA,pgm,tkt
afumigatus	Aspergillus fumigatus	pubmlst_afumigatus_seqdef	1	7	no	ANX4,BGT1,CAT1,LIP,MAT1_2,SODB,ZRF2
aparagallinarum	Avibacterium paragallinarum	pubmlst_aparagallinarum_seqdef	1	7	no	pmi,infB,mdh,adk,deoD,recA,zwf
bcereus	Bacillus cereus	pubmlst_bcereus_seqdef	1	7	yes	glp,gmk,ilv,pta,pur,pyc,tpi
blicheniformis	Bacillus licheniformis	pubmlst_blicheniformis_seqdef	14	6	yes	adk,ccpA,recF,rpoB,spo0A,sucC
bsubtilis	Bacillus subtilis	pubmlst_bsubtilis_seqdef	1	7	no	glpF,ilvD,pta,purH,pycA,rpoD,tpiA
bfragilis	Bacteroides fragilis	pubmlst_bfragilis_seqdef	1	7	no	dnaJ,fusA,groL,prfA,recA,rpoB,rprX
bbacilliformis	Bartonella bacilliformis	pubmlst_bbacilliformis_seqdef	1	7	yes	ftsZ,flaA,ribC,rnpB,rpoB,bvrR,groEL
bhenselae	Bartonella henselae	pubmlst_bhenselae_seqdef	1	8	yes	16S,batR,ftsZ,gltA,groEL,nlpD,ribC,rpoB
bwashoensis	Bartonella washoensis	pubmlst_bwashoensis_seqdef	1	6	yes	16S,ftsZ,gltA,groEL,ribC,rpoB
borrelia	Borrelia spp.	pubmlst_borrelia_seqdef	1	8	yes	clpA,clpX,nifS,pepX,pyrG,recG,rplB,uvrA
brucella	Brucella spp.	pubmlst_brucella_seqdef	1	9	no	gap,aroA,glk,dnaK,gyrB,trpE,cobQ,int_hyp,omp25
bcc	Burkholderia cepacia complex	pubmlst_bcc_seqdef	1	7	yes	atpD,gltB,gyrB,recA,lepA,phaC,trpB
bpseudomallei	Burkholderia pseudomallei	pubmlst_bpseudomallei_seqdef	1	7	yes	ace,gltB,gmhD,lepA,lipA,narK,ndh
campylobacter	Campylobacter jejuni/coli	pubmlst_campylobacter_seqdef	1	7	yes	aspA,glnA,gltA,glyA,pgm,tkt,uncA
calbicans	Candida albicans	pubmlst_calbicans_seqdef	1	7	yes	AAT1a,ACC1,ADP1,MPIb,SYA1,VPS13,ZWF1b
cglabrata	Candida glabrata	pubmlst_cglabrata_seqdef	1	6	no	FKS,LEU2,NMT1,TRP1,UGP1,URA3
ckrusei	Candida krusei	pubmlst_ckrusei_seqdef	1	6	no	HIS3,LEU2,NMT1,TRP1,ADE2,LYS2D
ctropicalis	Candida tropicalis	pubmlst_ctropicalis_seqdef	1	6	yes	ICL1,MDR1,SAPT2,SAPT4,XYR1,ZWF1a
liberibacter	Candidatus Liberibacter solanacearum	pubmlst_liberibacter_seqdef	1	7	no	adk,atpA,fbpA,ftsZ,glyA,groEL,gyrB
cmaltaromaticum	Carnobacterium maltaromaticum	pubmlst_cmaltaromaticum_seqdef	1	7	yes	dapE,ddlA,glpQ,ilvE,leuS,pyc,pyrE
chlamydiales	Chlamydiales spp.	pubmlst_chlamydiales_seqdef	1	7	yes	gatA,oppA,hflX,gidA,enoA,hemN,fumC
cfreundii	Citrobacter spp.	pubmlst_cfreundii_seqdef	1	7	yes	aspC,clpX,fadD,mdh,arcA,dnaG,lysP
csinensis	Clonorchis sinensis	pubmlst_csinensis_seqdef	1	8	yes	Actin,Cox1,Cox3,Ef_1a,Its1,Nad4,Nad5,Tubulin
cdifficile	Clostridioides difficile	pubmlst_cdifficile_seqdef	1	7	no	adk,atpA,dxr,glyA,recA,sodA,tpi
cbotulinum	Clostridium botulinum	pubmlst_cbotulinum_seqdef	1	7	yes	aroE,mdh,aceK,oppB,rpoB,recA,hsp
cperfringens	Clostridium perfringens	pubmlst_cperfringens_seqdef	1	8	yes	colA,groEL,sodA,plc,gyrB,sigK,pgk,nadA
csepticum	Clostridium septicum	pubmlst_csepticum_seqdef	1	7	yes	ddl,dnaK,glpK,groEL,gyrA,recA,tpi
cronobacter	Cronobacter spp.	pubmlst_cronobacter_seqdef	1	7	yes	atpD,fusA,glnS,gltB,gyrB,infB,pps
pacnes	Cutibacterium acnes	pubmlst_pacnes_seqdef	3	8	yes	aroE,atpD,gmk,guaA,lepA,sodA,tly,CAMP2
cavidum	Cutibacterium avidum	pubmlst_cavidum_seqdef	1	7	no	ab_hydrolase,aroE,atpD,gmk,guaA,lepA,sodA
dnodosus	Dichelobacter nodosus	pubmlst_dnodosus_seqdef	1	7	yes	dcd,dtdA,folK,recR,rlmH,rplI,tsaE
edwardsiella	Edwardsiella spp.	pubmlst_edwardsiella_seqdef	1	10	yes	adk,atpD,dnaJ,gapA,glnA,hsp60,phoR,pyrG,rpoA,tuf
ecloacae	Enterobacter spp.	pubmlst_ecloacae_seqdef	1	7	yes	dnaA,fusA,gyrB,leuS,pyrG,rplB,rpoB
efaecalis	Enterococcus faecalis	pubmlst_efaecalis_seqdef	1	7	yes	gdh,gyd,pstS,gki,aroE,xpt,yqiL
efaecium	Enterococcus faecium	pubmlst_efaecium_seqdef	1	7	yes	atpA,ddl,gdh,purK,gyd,pstS,adk
escherichia	Escherichia spp.	pubmlst_escherichia_seqdef	1	7	yes	adk,fumC,gyrB,icd,mdh,purA,recA
fpsychrophilum	Flavobacterium psychrophilum	pubmlst_fpsychrophilum_seqdef	1	7	yes	atpA,dnaK,fumC,gyrB,murG,trpB,tuf
gallibacterium	Gallibacterium anatis	pubmlst_gallibacterium_seqdef	1	8	yes	adk,atpD,fumC,gyrB,infB,mdh,recN,thdF
geotrichum	Geotrichum spp.	pubmlst_geotrichum_seqdef	1	5	yes	NUP116,URA1,URA3,SAPT4,PLB3
hparasuis	Glaesserella parasuis	pubmlst_hparasuis_seqdef	1	7	yes	atpD,infB,mdh,rpoB,6pgd,g3pd,frdB
hinfluenzae	Haemophilus influenzae	pubmlst_hinfluenzae_seqdef	1	7	yes	adk,atpG,frdB,fucK,mdh,pgi,recA
hcinaedi	Helicobacter cinaedi	pubmlst_hcinaedi_seqdef	1	7	yes	23S_rRNA,ppa,aspA,aroE,atpA,tkt,cdtB
helicobacter	Helicobacter pylori	pubmlst_helicobacter_seqdef	1	7	no	atpA,efp,mutY,ppa,trpC,ureI,yphC
hsuis	Helicobacter suis	pubmlst_hsuis_seqdef	1	7	yes	atpA,efp,mutY,ppa,trpC,ureAB,yphC
kaerogenes	Klebsiella aerogenes	pubmlst_kaerogenes_seqdef	1	7	yes	dnaA,fusA,gyrB,leuS,pryG,rplB,rpoB
koxytoca	Klebsiella oxytoca	pubmlst_koxytoca_seqdef	1	7	no	gapA,infB,mdh,pgi,phoE,rpoB,tonB
kseptempunctata	Kudoa septempunctata	pubmlst_kseptempunctata_seqdef	1	2	no	cox1,rnl
lsalivarius	Lactobacillus salivarius	pubmlst_lsalivarius_seqdef	1	5	yes	pstB,rpsB,nrdB,rpoA,parB
lgarvieae	Lactococcus garvieae	pubmlst_lgarvieae_seqdef	1	7	no	als,atpA,tuf,gapC,gyrB,rpoC,galP
llactis_phage	Lactococcus lactis 936-like bacteriophage	pubmlst_llactis_phage_seqdef	1	5	yes	terL,mcp,mtp,tmp,lys
leptospira	Leptospira spp.	pubmlst_leptospira_seqdef	1	7	yes	glmU_1,pntA_1,sucA_1,tpiA_1,pfkB_1,mreA_1,caiB_1
mcanis	Macrococcus canis	pubmlst_mcanis_seqdef	1	7	yes	ack,cpn60,fdh,pta,purA,sar,tuf
mcaseolyticus	Macrococcus caseolyticus	pubmlst_mcaseolyticus_seqdef	1	7	yes	ack,cpn60,fdh,pta,purA,sar,tuf
msciuri	Mammaliicoccus sciuri	pubmlst_msciuri_seqdef	1	7	no	ack,aroE,ftsZ,glpK,gmk,pta1,tpiA
mhaemolytica	Mannheimia haemolytica	pubmlst_mhaemolytica_seqdef	1	7	yes	adk,aroE,deoD,gapDH,gnd,mdh,zwf
mplutonius	Melissococcus plutonius	pubmlst_mplutonius_seqdef	1	4	yes	argE,galK,gbpB,purR
mycobacteria	Mycobacteria spp.	pubmlst_mycobacteria_seqdef	2	8	no	S14Z,L35,S19,L19,S12,S8,L16,S7
mabscessus	Mycobacteroides abscessus complex	pubmlst_mabscessus_seqdef	1	7	yes	argH,cya,gnd,murC,pta,purH,rpoB
magalactiae	Mycoplasma agalactiae	pubmlst_magalactiae_seqdef	1	5	yes	dnaA,gltX,gyrB,metS,tufA
manserisalpingitidis	Mycoplasma anserisalpingitidis	pubmlst_manserisalpingitidis_seqdef	1	5	no	atpG,fusA,pgiB,plsY,uvrA
mbovis	Mycoplasma bovis	pubmlst_mbovis_seqdef	2	7	yes	dnaA,gltX,gpsA,gyrB,pta2,tdk,tkt
mflocculare	Mycoplasma flocculare	pubmlst_mflocculare_seqdef	1	3	no	adk,rpoB,tpiA
mgallisepticum	Mycoplasma gallisepticum	pubmlst_mgallisepticum_seqdef	1	7	yes	atpG,dppC,DUF3196,lgT,mraW,plsC,ugpA
mgenitalium	Mycoplasma genitalium	pubmlst_mgenitalium_seqdef	2	6	no	MLST_adk,MLST_atpA,MLST_gmk,MLST_gyrB,MLST_pgm,MLST_ppa
mhominis	Mycoplasma hominis	pubmlst_mhominis_seqdef	1	5	no	uvrA,gyrB,ftsY,tuf,gap
mhyopneumoniae	Mycoplasma hyopneumoniae	pubmlst_mhyopneumoniae_seqdef	1	3	yes	adk,rpoB,tpiA
mhyorhinis	Mycoplasma hyorhinis	pubmlst_mhyorhinis_seqdef	1	6	yes	dnaA,rpoB,gyrB,gltX,adk,gmk
mhyosynoviae	Mycoplasma hyosynoviae	pubmlst_mhyosynoviae_seqdef	1	7	no	dnaA,ftsY,fusA,gyrB,recA,rpoB,uvrA
miowae	Mycoplasma iowae	pubmlst_miowae_seqdef	1	6	yes	dppC,ulaA,valS,rpoC,leuS,kdpA
mpneumoniae	Mycoplasma pneumoniae	pubmlst_mpneumoniae_seqdef	1	8	yes	ppa,pgm,gyrB,gmk,glyA,atpA,arcC,adk
msynoviae	Mycoplasma synoviae	pubmlst_msynoviae_seqdef	1	7	yes	adk,atpG,efp,gmk,nagC,ppa,recA
neisseria	Neisseria spp.	pubmlst_neisseria_seqdef	1	7	yes	abcZ,adk,aroE,fumC,gdh,pdhC,pgm
otsutsugamushi	Orientia tsutsugamushi	pubmlst_otsutsugamushi_seqdef	1	7	yes	gpsA,mdh,nrdB,nuoF,ppdK,sucB,sucD
orhinotracheale	Ornithobacterium rhinotracheale	pubmlst_orhinotracheale_seqdef	1	7	yes	adk,aroE,fumC,gdhA,mdh,pgi,pmi
plarvae	Paenibacillus larvae	pubmlst_plarvae_seqdef	1	7	yes	glpF,sigF,glpT,Natrans,rpoB,ftsA,clpC
ppentosaceus	Pediococcus pentosaceus	pubmlst_ppentosaceus_seqdef	1	7	yes	gyrB,pyc,pgm,leuS,glnA,dalR,pgI
pdamselae	Photobacterium damselae	pubmlst_pdamselae_seqdef	1	6	yes	glpF,gyrB,metG,pntA,pyrC,toxR
psalmonis	Piscirickettsia salmonis	pubmlst_psalmonis_seqdef	1	7	yes	dnaK,efp,fumC,glyA,murG,rpoD,trpB
pgingivalis	Porphyromonas gingivalis	pubmlst_pgingivalis_seqdef	1	7	yes	ftsQ,gpdxJ,hagB,mcmA,pepO,pga,recA
proteus	Proteus spp.	pubmlst_proteus_seqdef	1	6	no	atpD,dnaJ,mdh,pyrC,recA,rpoD
providencia	Providencia spp.	pubmlst_providencia_seqdef	1	5	no	fusA,gyrB,ileS,lepA,leuS
paeruginosa	Pseudomonas aeruginosa	pubmlst_paeruginosa_seqdef	1	7	yes	acsA,aroE,guaA,mutL,nuoD,ppsA,trpE
pfluorescens	Pseudomonas fluorescens	pubmlst_pfluorescens_seqdef	1	7	yes	glnS,gyrB,ileS,nuoD,recA,rpoB,rpoD
pputida	Pseudomonas putida	pubmlst_pputida_seqdef	1	8	yes	argS,gyrB,ileS,nuoC,ppsA,recA,rpoB,rpoD
rhodococcus	Rhodococcus spp.	pubmlst_rhodococcus_seqdef	1	7	yes	gapdh,tpi,mdh,icl,rpoB,recA,adk
ranatipestifer	Riemerella anatipestifer	pubmlst_ranatipestifer_seqdef	1	7	yes	dnaB,groEL,gyrA,mdh,gluD,gpi,rpoB
salmonella	Salmonella spp.	pubmlst_salmonella_seqdef	2	7	yes	aroC,dnaN,hemD,hisD,purE,sucA,thrA
sparasitica	Saprolegnia parasitica	pubmlst_sparasitica_seqdef	1	7	yes	ALTS1,COX1,GLUT,NAD1,RPB2,SHMT,TUBB
serratia	Serratia spp.	pubmlst_serratia_seqdef	1	6	no	adk,fumC,gyrB,icd,mdh,recA
shewanella	Shewanella spp.	pubmlst_shewanella_seqdef	1	8	no	16S_rRNA,adk,atpB,guaA,gyrB,mdh,recA,rpoS
sinorhizobium	Sinorhizobium spp.	pubmlst_sinorhizobium_seqdef	1	10	yes	asd,edd,gap,glnD,gnd,nuoE1,ordL2,recA,sucA,zwf
saureus	Staphylococcus aureus	pubmlst_saureus_seqdef	1	7	no	arcC,aroE,glpF,gmk,pta,tpi,yqiL
scapitis	Staphylococcus capitis	pubmlst_scapitis_seqdef	1	7	no	atpB2,carB,clpP,hisS,mntC,phoA,rluB
schromogenes	Staphylococcus chromogenes	pubmlst_schromogenes_seqdef	1	7	no	arcC,hutU,fumC,dnaJ,glpF,menF,pta
sepidermidis	Staphylococcus epidermidis	pubmlst_sepidermidis_seqdef	1	7	yes	arcC,aroE,gtr,mutS,pyrR,tpiA,yqiL
shaemolyticus	Staphylococcus haemolyticus	pubmlst_shaemolyticus_seqdef	1	7	yes	arcC,SH_1200,hemH,leuB,SH1431,cfxE,Ribose_ABC
shominis	Staphylococcus hominis	pubmlst_shominis_seqdef	1	6	yes	arcC,glpK,gtr,pta,tpiA,tuf
spseudintermedius	Staphylococcus pseudintermedius	pubmlst_spseudintermedius_seqdef	1	7	yes	ack,cpn60,fdh,pta,purA,sar,tuf
smaltophilia	Stenotrophomonas maltophilia	pubmlst_smaltophilia_seqdef	1	7	yes	atpD,gapA,guaA,mutM,nuoD,ppsA,recA
sagalactiae	Streptococcus agalactiae	pubmlst_sagalactiae_seqdef	1	7	yes	adhP,pheS,atr,glnA,sdhA,glcK,tkt
sbsec	Streptococcus bovis/equinus complex (SBSEC)	pubmlst_sbsec_seqdef	1	10	yes	ddl,gki,glnA,mutS,mutS2,pheS,proS,pyrE,thrS,tpi
scanis	Streptococcus canis	pubmlst_scanis_seqdef	1	7	yes	gki,gtr,murI,mutS,recP,xpt,yqiZ
sdysgalactiae	Streptococcus dysgalactiae	pubmlst_sdysgalactiae_seqdef	1	7	yes	gki,gtr,murI,mutS,recP,xpt,atoB
sgallolyticus	Streptococcus gallolyticus	pubmlst_sgallolyticus_seqdef	1	7	yes	aroE,glgB,nifS,p20,tkt,trpD,uvrA
siniae	Streptococcus iniae	pubmlst_siniae_seqdef	1	8	yes	dnaN,mutL,mutM,mutS,mutX,recD2,rnhC,yfhQ
smitis	Streptococcus mitis	pubmlst_smitis_seqdef	1	7	yes	accA,gki,hom,oppC,patB,rlmN,tsf
spneumoniae	Streptococcus pneumoniae	pubmlst_spneumoniae_seqdef	1	7	yes	aroE,gdh,gki,recP,spi,xpt,ddl
spyogenes	Streptococcus pyogenes	pubmlst_spyogenes_seqdef	1	7	yes	gki,gtr,murI,mutS,recP,xpt,yqiL
ssuis	Streptococcus suis	pubmlst_ssuis_seqdef	1	7	yes	aroA,cpn60,dpr,gki,mutS,recA,thrA
sthermophilus	Streptococcus thermophilus	pubmlst_sthermophilus_seqdef	1	10	no	carB,clpX,dnaA,murC,murE,pepN,pepX,pyrG,recA,rpoB
suberis	Streptococcus uberis	pubmlst_suberis_seqdef	1	7	yes	arcC,ddl,gki,recP,tdk,tpi,yqiL
szooepidemicus	Streptococcus zooepidemicus	pubmlst_szooepidemicus_seqdef	1	7	yes	arcC,nrdE,proS,spi,tdk,tpi,yqiL
streptomyces	Streptomyces spp	pubmlst_streptomyces_seqdef	1	6	yes	16S,atpD,gyrB,recA,rpoB,trpB
taylorella	Taylorella spp.	pubmlst_taylorella_seqdef	1	7	yes	gltA,gyrB,fh,shmt,tyrB,adk,txn
tenacibaculum	Tenacibaculum spp.	pubmlst_tenacibaculum_seqdef	1	7	yes	atpA,dnaK,glyA,gyrB,infB,rlmN,tgt
tpallidum	Treponema pallidum	pubmlst_tpallidum_seqdef	1	3	yes	TP0136,TP0548,TP0705
tvaginalis	Tricohomas vaginalis	pubmlst_tvaginalis_seqdef	1	7	yes	TRYP,GLUT,FT2A,ALTS,DMRP,SHMT,M6PI
tpyogenes	Trueperella pyogenes	pubmlst_tpyogenes_seqdef	1	7	no	adk,gyrB,leuA,metG,recA,tpi,tuf
ureaplasma	Ureaplasma spp.	pubmlst_ureaplasma_seqdef	1	4	yes	ftsH,rpL22,thrS,valS
vcholerae	Vibrio cholerae	pubmlst_vcholerae_seqdef	1	7	yes	adk,gyrB,mdh,metE,pntA,purM,pyrC
vparahaemolyticus	Vibrio parahaemolyticus	pubmlst_vparahaemolyticus_seqdef	1	7	yes	dnaE,gyrB,recA,dtdS,pntA,pyrC,tnaA
vibrio	Vibrio spp.	pubmlst_vibrio_seqdef	1	4	no	gyrB,pyrH,recA,atpA
vtapetis	Vibrio tapetis	pubmlst_vtapetis_seqdef	1	10	yes	atpA,fstZ,gapA,hsp60,pyrH,rctB,recA,rpoA,rpoD,topA
vvulnificus	Vibrio vulnificus	pubmlst_vvulnificus_seqdef	1	10	yes	glp,gyrB,mdh,metG,purM,dtdS,lysA,pntA,pyrC,tnaA
wolbachia	Wolbachia spp.	pubmlst_wolbachia_seqdef	1	5	yes	gatB,coxA,hcpA,ftsZ,fbpA
xfastidiosa	Xylella fastidiosa	pubmlst_xfastidiosa_seqdef	1	7	yes	leuA,petC,malF,cysG,holC,nuoL,gltT
ypseudotuberculosis_achtman	Yersinia pseudotuberculosis	pubmlst_ypseudotuberculosis_achtman_seqdef	3	7	yes	adk,argA,aroA,glnA,thrA,tmk,trpE
yruckeri	Yersinia ruckeri	pubmlst_yruckeri_seqdef	1	6	yes	glnA,gyrB,dnaJ,thrA,hsp60,recA
